Date,Open,High,Low,Close,Adj Close,Volume,Ticker,prev_Close,prev_Volume,50SMA,200SMA,50SMA_vol,bb_upperband,bb_lowerband,bb_lb_cross,bb_ub_cross,macd_line,macd_hist,macd_signal,macd_trend,macd_trend_reversal,uptrend_days,downtrend_days,roc,roc_buy_signal,roc_sell_signal,rsi,rsi_buy_signal,rsi_sell_signal,volChange,volSurgeInd,is52wkHigh,is52wkLow,50gt200,tradingabv50SMA,gap_pct
6/30/23,120.17,121.08,119.69,119.7,119.7,29519700,GOOGL,119.1,24090900,117.34,101.87,34641850,127.3,117.64,0,0,0.2,-0.92,1.12,Downtrend,FALSE,0,20,58.56,FALSE,FALSE,47.73,FALSE,FALSE,0.85,0,0,0,1,1,0.5
6/29/23,119.24,120.06,118.3,119.1,119.1,24090900,GOOGL,120.18,27091400,117.03,101.79,34691960,127.36,117.99,0,0,0.34,-1.02,1.35,Downtrend,FALSE,0,19,58.56,FALSE,FALSE,46.1,FALSE,FALSE,0.69,0,0,0,1,1,-0.9
6/28/23,117.09,120.39,116.85,120.18,120.18,27091400,GOOGL,118.33,39535900,116.74,101.75,34901556,127.25,118.47,0,0,0.56,-1.05,1.61,Downtrend,FALSE,0,18,56.67,FALSE,FALSE,48.64,FALSE,FALSE,0.78,0,0,0,1,1,1.56
6/27/23,117.08,119.08,116.1,118.33,118.33,39535900,GOOGL,118.34,33969900,116.45,101.7,34642398,127.26,118.81,1,0,0.73,-1.14,1.87,Downtrend,FALSE,0,17,44.23,FALSE,FALSE,43.7,FALSE,FALSE,1.14,0,0,0,1,1,-0.01
6/26/23,120.76,122,118.27,118.34,118.34,33969900,GOOGL,122.34,34885300,116.26,101.65,34459872,127.02,119.67,1,0,1.12,-1.03,2.16,Downtrend,FALSE,0,16,50.39,FALSE,FALSE,43.72,FALSE,FALSE,0.99,0,0,0,1,1,-3.27
6/23/23,121.38,122.79,121.06,122.34,122.34,34885300,GOOGL,123.15,26952200,116.05,101.61,34249572,126.47,120.74,0,0,1.61,-0.8,2.41,Downtrend,FALSE,0,15,61.98,FALSE,FALSE,53.28,FALSE,FALSE,1.02,0,0,0,1,1,-0.66
6/22/23,120,123.24,118.83,123.15,123.15,26952200,GOOGL,120.55,30306300,115.69,101.53,34236764,126.59,120.48,0,0,1.8,-0.82,2.61,Downtrend,FALSE,0,14,66.36,FALSE,FALSE,55.56,FALSE,FALSE,0.79,0,0,0,1,1,2.16
6/21/23,122.4,122.66,120.1,120.55,120.55,30306300,GOOGL,123.1,26097500,115.34,101.45,34171986,126.59,120.42,0,0,1.93,-0.89,2.82,Downtrend,FALSE,0,13,61.92,FALSE,FALSE,49.05,FALSE,FALSE,0.89,0,0,0,1,1,-2.07
6/20/23,122.93,124.57,122.14,123.1,123.1,26097500,GOOGL,123.53,45514000,115.05,101.4,34624266,126.56,120.89,0,0,2.33,-0.71,3.04,Downtrend,FALSE,0,12,74.32,FALSE,FALSE,56.6,FALSE,FALSE,0.75,0,0,0,1,1,-0.35
6/16/23,125.93,126.11,123.28,123.53,123.53,45514000,GOOGL,125.09,35246300,114.76,101.33,34279796,126.57,120.86,0,0,2.56,-0.66,3.22,Downtrend,FALSE,0,11,72.28,FALSE,FALSE,57.99,FALSE,FALSE,1.33,0,0,0,1,1,-1.25
6/15/23,123.14,125.46,122.4,125.09,125.09,35246300,GOOGL,123.67,30592300,114.38,101.25,34063272,126.56,120.8,0,0,2.76,-0.63,3.38,Downtrend,FALSE,0,10,78.15,FALSE,FALSE,63.25,FALSE,FALSE,1.03,0,0,0,1,1,1.15
6/14/23,123.1,124.05,121.45,123.67,123.67,30592300,GOOGL,123.83,22278300,113.97,101.17,33952134,126.52,120.41,0,0,2.82,-0.72,3.54,Downtrend,FALSE,0,9,80.38,FALSE,FALSE,60.2,FALSE,FALSE,0.9,0,0,0,1,1,-0.13
6/13/23,124.98,125.16,123.18,123.83,123.83,22278300,GOOGL,123.64,28306400,113.59,101.11,34243836,126.76,119.75,0,0,3,-0.72,3.72,Downtrend,FALSE,0,8,81.26,FALSE,FALSE,60.73,FALSE,FALSE,0.65,0,0,0,1,1,0.15
6/12/23,122.79,124.05,121.66,123.64,123.64,28306400,GOOGL,122.23,23762500,113.18,101.07,34339432,127.45,118.33,0,0,3.17,-0.73,3.9,Downtrend,FALSE,0,7,82.63,FALSE,FALSE,60.35,FALSE,FALSE,0.82,0,0,0,1,1,1.15
6/9/23,122.25,123.76,121.91,122.23,122.23,23762500,GOOGL,122.14,29389200,112.73,101.02,34439774,127.69,117.48,0,0,3.36,-0.73,4.09,Downtrend,FALSE,0,6,78.98,FALSE,FALSE,57.49,FALSE,FALSE,0.69,0,0,0,1,1,0.07
6/8/23,122.23,123.23,121.24,122.14,122.14,29389200,GOOGL,122.5,52539000,112.31,100.98,34493148,128.04,116.56,0,0,3.7,-0.57,4.27,Downtrend,FALSE,0,5,78.99,FALSE,FALSE,57.31,FALSE,FALSE,0.85,0,0,0,1,1,-0.29
6/7/23,126.97,129.04,122.12,122.5,122.5,52539000,GOOGL,127.31,26638300,111.89,100.94,34064786,129.14,114.42,0,0,4.09,-0.32,4.41,Downtrend,FALSE,0,4,74.82,FALSE,FALSE,58.24,FALSE,FALSE,1.54,0,0,0,1,1,-3.78
6/6/23,126.01,128.29,125.36,127.31,127.31,26638300,GOOGL,126.01,32305500,111.49,100.91,34139886,130.69,111.36,0,0,4.48,-0.01,4.49,Downtrend,FALSE,0,3,95.35,FALSE,FALSE,72.87,FALSE,TRUE,0.78,0,1,0,1,1,1.03
6/5/23,124.01,127.43,123.84,126.01,126.01,32305500,GOOGL,124.67,26963100,111.05,100.88,34309732,130.85,109.24,0,0,4.44,-0.06,4.49,Downtrend,FALSE,0,2,85.41,FALSE,FALSE,71.05,FALSE,FALSE,0.94,0,1,0,1,1,1.07
6/2/23,123.99,126.15,123.76,124.67,124.67,26963100,GOOGL,123.72,30772700,110.64,100.85,34639018,131.17,106.88,0,0,4.44,-0.06,4.51,Downtrend,TRUE,0,1,84.31,FALSE,FALSE,69.05,FALSE,FALSE,0.78,0,0,0,1,1,0.77
6/1/23,122.82,124.42,122.62,123.72,123.72,30772700,GOOGL,122.87,37325800,110.22,100.83,34865770,131.37,104.68,0,0,4.53,0,4.52,Uptrend,FALSE,16,0,83.21,FALSE,FALSE,67.58,FALSE,FALSE,0.88,0,0,0,1,1,0.69
5/31/23,122.75,124.06,122.5,122.87,122.87,37325800,GOOGL,123.67,35076700,109.84,100.82,34778462,131.26,102.96,0,0,4.66,0.14,4.52,Uptrend,FALSE,15,0,89.07,FALSE,FALSE,66.25,FALSE,FALSE,1.07,0,0,0,1,1,-0.65
5/30/23,125.64,125.66,122,123.67,123.67,35076700,GOOGL,124.61,35635900,109.41,100.82,35297498,131.01,101.46,0,0,4.85,0.37,4.49,Uptrend,FALSE,14,0,96.02,FALSE,FALSE,68.72,FALSE,FALSE,0.99,0,0,0,1,1,-0.75
5/26/23,123.17,125.26,122.45,124.61,124.61,35635900,GOOGL,123.48,42317000,108.97,100.79,35894620,130.27,100.55,0,0,4.95,0.55,4.4,Uptrend,FALSE,13,0,100.11,FALSE,FALSE,71.63,FALSE,TRUE,0.99,0,0,0,1,1,0.92
5/25/23,124.52,125.32,121.96,123.48,123.48,42317000,GOOGL,120.9,34182600,108.48,100.77,36060722,129.17,99.92,0,0,4.9,0.64,4.26,Uptrend,FALSE,12,0,99.54,FALSE,TRUE,70.22,FALSE,FALSE,1.17,0,0,0,1,1,2.13
5/24/23,121.12,121.91,119.86,120.9,120.9,34182600,GOOGL,122.56,34046300,107.93,100.73,36098074,128.07,99.43,0,0,4.88,0.78,4.1,Uptrend,FALSE,11,0,82.45,FALSE,FALSE,66.72,FALSE,FALSE,0.95,0,0,0,1,1,-1.35
5/23/23,124.16,124.63,122.21,122.56,122.56,34046300,GOOGL,125.05,35253000,107.4,100.72,36163860,127.46,98.33,0,0,5.04,1.14,3.9,Uptrend,FALSE,10,0,90.12,FALSE,FALSE,71.76,FALSE,FALSE,0.94,0,0,0,1,1,-1.99
5/22/23,122.94,126.43,122.74,125.05,125.05,35253000,GOOGL,122.76,41330300,106.77,100.69,36177620,126.32,97.6,0,0,5.01,1.39,3.62,Uptrend,FALSE,9,0,96.5,FALSE,TRUE,80.2,FALSE,FALSE,0.97,0,1,0,1,1,1.87
5/19/23,123.55,125.97,122.15,122.76,122.76,41330300,GOOGL,122.83,35234200,106.08,100.66,35927284,124.25,97.76,0,0,4.65,1.38,3.27,Uptrend,FALSE,8,0,81.22,FALSE,FALSE,77.99,FALSE,FALSE,1.15,0,0,0,1,1,-0.06
5/18/23,120.95,123.31,120.83,122.83,122.83,35234200,GOOGL,120.84,33323600,105.47,100.63,35904666,122.43,97.84,0,1,4.35,1.42,2.93,Uptrend,FALSE,7,0,76.22,FALSE,FALSE,78.24,FALSE,FALSE,0.98,0,1,0,1,1,1.65
5/17/23,119.61,121.67,118.89,120.84,120.84,33323600,GOOGL,119.51,45035600,104.9,100.59,35794904,120.23,98.28,0,1,3.9,1.33,2.57,Uptrend,FALSE,6,0,68.63,FALSE,FALSE,76.24,FALSE,FALSE,0.93,0,0,0,1,1,1.11
5/16/23,116.49,120.75,116.43,119.51,119.51,45035600,GOOGL,116.51,36266800,104.36,100.56,35546978,118.22,98.63,0,1,3.46,1.22,2.24,Uptrend,FALSE,5,0,66.86,FALSE,FALSE,74.81,FALSE,FALSE,1.27,0,0,0,1,1,2.57
5/15/23,116.11,118.48,116.01,116.51,116.51,36266800,GOOGL,117.51,41073800,103.87,100.55,35524844,116.18,99.17,0,1,3,1.06,1.93,Uptrend,FALSE,4,0,54.26,FALSE,FALSE,71.17,FALSE,FALSE,1.02,0,0,0,1,1,-0.85
5/12/23,116.68,118.03,116.11,117.51,117.51,41073800,GOOGL,116.57,78900000,103.41,100.54,35347456,114.64,99.66,0,1,2.66,1,1.67,Uptrend,FALSE,3,0,62.17,FALSE,FALSE,74.5,FALSE,FALSE,1.16,0,0,0,1,1,0.81
5/11/23,115.4,117.92,114.41,116.57,116.57,78900000,GOOGL,111.75,63153400,102.9,100.51,34391680,112.59,100.84,0,1,2.1,0.68,1.42,Uptrend,FALSE,2,0,69.49,FALSE,FALSE,73.41,FALSE,TRUE,2.29,0,0,0,1,1,4.31
5/10/23,107.97,112.94,107.93,111.75,111.75,63153400,GOOGL,107.35,36360100,102.38,100.46,33731452,110.05,102.47,0,1,1.44,0.19,1.25,Uptrend,TRUE,1,0,43.56,FALSE,FALSE,66.65,FALSE,FALSE,1.87,0,0,0,1,1,4.1
5/9/23,108.39,110.15,107.19,107.35,107.35,36360100,GOOGL,107.77,26511400,101.95,100.44,33554296,108.79,103.02,0,0,1.07,-0.13,1.2,Downtrend,FALSE,0,16,14.64,FALSE,FALSE,57.47,FALSE,FALSE,1.08,0,0,0,1,1,-0.39
5/8/23,105.18,107.96,105.16,107.77,107.77,26511400,GOOGL,105.57,26625100,101.6,100.44,33755770,108.62,102.99,0,0,1.03,-0.2,1.23,Downtrend,FALSE,0,15,21.11,FALSE,FALSE,58.91,FALSE,FALSE,0.79,0,0,0,1,1,2.08
5/5/23,104.82,105.88,104.11,105.57,105.57,26625100,GOOGL,104.69,23419500,101.22,100.47,34047396,108.42,103.05,0,0,0.92,-0.36,1.28,Downtrend,FALSE,0,14,14.69,FALSE,FALSE,53.22,FALSE,FALSE,0.78,0,0,0,1,1,0.84
5/4/23,105.49,105.6,103.97,104.69,104.69,23419500,GOOGL,105.41,21795400,100.93,100.51,34196686,108.81,102.95,0,0,0.99,-0.38,1.37,Downtrend,FALSE,0,13,6.74,FALSE,FALSE,50.68,FALSE,FALSE,0.68,0,0,0,1,1,-0.68
5/3/23,105.53,107.49,104.96,105.41,105.41,21795400,GOOGL,105.32,30997200,100.67,100.56,34433364,108.82,102.92,0,0,1.16,-0.31,1.47,Downtrend,FALSE,0,12,12.89,FALSE,FALSE,52.86,FALSE,FALSE,0.63,0,0,0,1,1,0.09
5/2/23,107.14,107.2,103.71,105.32,105.32,30997200,GOOGL,107.2,26681700,100.4,100.58,34499102,108.82,102.85,0,0,1.29,-0.26,1.54,Downtrend,FALSE,0,11,11.82,FALSE,FALSE,52.62,FALSE,FALSE,0.9,0,0,0,0,1,-1.75
5/1/23,106.84,107.99,106.82,107.2,107.2,26681700,GOOGL,107.34,36139800,100.18,100.61,34814720,108.83,102.74,0,0,1.44,-0.17,1.61,Downtrend,FALSE,0,10,18.62,FALSE,FALSE,58.29,FALSE,FALSE,0.77,0,0,0,0,1,-0.13
4/28/23,107.04,107.35,105.09,107.34,107.34,36139800,GOOGL,107.59,50089200,99.94,100.62,35095304,108.71,102.51,0,0,1.41,-0.24,1.65,Downtrend,FALSE,0,9,24.2,FALSE,FALSE,58.72,FALSE,FALSE,1.03,0,0,0,0,1,-0.23
4/27/23,104.45,108.37,103.54,107.59,107.59,50089200,GOOGL,103.71,53347600,99.73,100.64,35188042,108.9,101.68,0,0,1.35,-0.36,1.71,Downtrend,FALSE,0,8,20.83,FALSE,FALSE,59.46,FALSE,FALSE,1.42,0,0,0,0,1,3.74
4/26/23,104.92,106.35,102.63,103.71,103.71,53347600,GOOGL,103.85,46664100,99.48,100.68,35122612,108.81,101.15,0,0,1.23,-0.58,1.8,Downtrend,FALSE,0,7,-6.33,FALSE,FALSE,50.48,FALSE,FALSE,1.52,0,0,0,0,1,-0.13
4/25/23,105.83,106.69,103.84,103.85,103.85,46664100,GOOGL,105.97,23542800,99.29,100.74,35288944,109.01,100.68,0,0,1.44,-0.5,1.95,Downtrend,FALSE,0,6,-7.11,FALSE,FALSE,50.86,FALSE,FALSE,1.32,0,0,0,0,1,-2
4/24/23,105.49,106.63,104.7,105.97,105.97,23542800,GOOGL,105.41,25800100,99.11,100.81,37207188,109.05,100.5,0,0,1.69,-0.39,2.07,Downtrend,FALSE,0,5,-3.77,FALSE,FALSE,56.84,FALSE,FALSE,0.63,0,0,0,0,1,0.53
4/21/23,105.47,106,104.78,105.41,105.41,25800100,GOOGL,105.29,27820800,98.89,100.88,38586056,109,100.5,0,0,1.75,-0.41,2.17,Downtrend,FALSE,0,4,-2.72,FALSE,FALSE,55.55,FALSE,FALSE,0.67,0,0,0,0,1,0.11
4/20/23,103.91,106.25,103.87,105.29,105.29,27820800,GOOGL,104.18,20905700,98.77,100.92,39009844,109.02,100.5,0,0,1.87,-0.4,2.27,Downtrend,FALSE,0,3,0.17,FALSE,FALSE,55.29,FALSE,FALSE,0.71,0,0,0,0,1,1.07
4/19/23,103.58,104.98,103.07,104.18,104.18,20905700,GOOGL,104.5,26596400,98.82,100.96,39231722,108.96,100.37,0,0,2.01,-0.36,2.37,Downtrend,FALSE,0,2,2.24,FALSE,FALSE,52.88,FALSE,FALSE,0.53,0,0,0,0,1,-0.31
4/18/23,106.49,106.54,104.07,104.5,104.5,26596400,GOOGL,105.97,37571200,98.79,100.99,40005980,108.99,100.41,0,0,2.27,-0.19,2.46,Downtrend,TRUE,0,1,4.29,FALSE,FALSE,53.66,FALSE,FALSE,0.66,0,0,0,0,1,-1.39
4/17/23,104.66,106.16,104.52,105.97,105.97,37571200,GOOGL,108.87,26578000,98.8,101.01,40652232,109.09,99.98,0,0,2.53,0.02,2.51,Uptrend,FALSE,24,0,11.99,FALSE,FALSE,57.22,FALSE,FALSE,0.92,0,0,0,0,1,-2.66
4/14/23,106.89,108.94,106.84,108.87,108.87,26578000,GOOGL,107.43,24843600,98.83,101.04,40831294,108.99,99.65,0,0,2.68,0.18,2.5,Uptrend,FALSE,23,0,27.89,FALSE,FALSE,65.16,FALSE,FALSE,0.65,0,0,0,0,1,1.34
4/13/23,105.84,107.49,105.84,107.43,107.43,24843600,GOOGL,104.64,24370300,98.66,101.05,40931836,108.38,99.4,0,0,2.54,0.08,2.46,Uptrend,FALSE,22,0,25.22,FALSE,FALSE,62.78,FALSE,FALSE,0.61,0,0,0,0,1,2.67
4/12/23,106.58,106.75,104.34,104.64,104.64,24370300,GOOGL,105.35,26311800,98.49,101.1,40988954,108.66,97.99,0,0,2.47,0.03,2.44,Uptrend,FALSE,21,0,19.38,FALSE,FALSE,57.56,FALSE,FALSE,0.59,0,0,0,0,1,-0.67
4/11/23,106.55,106.73,104.68,105.35,105.35,26311800,GOOGL,106.44,27067400,98.34,101.16,41140314,109.46,96.12,0,0,2.63,0.19,2.43,Uptrend,FALSE,20,0,21.11,FALSE,FALSE,59.54,FALSE,FALSE,0.64,0,0,0,0,1,-1.02
4/10/23,106.98,107.59,105.12,106.44,106.44,27067400,GOOGL,108.42,48711500,98.22,101.2,41201246,110.35,93.81,0,0,2.71,0.33,2.38,Uptrend,FALSE,19,0,22.98,FALSE,FALSE,62.59,FALSE,FALSE,0.66,0,0,0,0,1,-1.83
4/6/23,105.26,109.17,104.33,108.42,108.42,48711500,GOOGL,104.47,28290500,98.04,101.22,41073616,110.69,91.89,0,0,2.68,0.38,2.3,Uptrend,FALSE,18,0,24.83,FALSE,FALSE,68.52,FALSE,FALSE,1.19,0,0,0,0,1,3.78
4/5/23,105.78,106.1,103.66,104.47,104.47,28290500,GOOGL,104.72,24420100,97.77,101.24,41169376,110.06,90.91,0,0,2.39,0.19,2.21,Uptrend,FALSE,17,0,5.98,FALSE,FALSE,61.82,FALSE,FALSE,0.69,0,0,0,0,1,-0.24
4/4/23,104.33,105.58,104.04,104.72,104.72,24420100,GOOGL,104.36,25035400,97.64,101.25,41481076,109.73,90.21,0,0,2.39,0.23,2.16,Uptrend,FALSE,16,0,5.34,FALSE,FALSE,62.6,FALSE,FALSE,0.59,0,0,0,0,1,0.34
4/3/23,102.39,104.53,101.93,104.36,104.36,25035400,GOOGL,103.73,36863400,97.54,101.26,42244190,109.28,89.58,0,0,2.33,0.23,2.1,Uptrend,FALSE,15,0,10.56,FALSE,FALSE,61.96,FALSE,FALSE,0.59,0,0,0,0,1,0.61
3/31/23,101.3,103.89,101.04,103.73,103.73,36863400,GOOGL,100.89,33086200,97.41,101.28,42246930,108.72,89.22,0,0,2.26,0.22,2.04,Uptrend,FALSE,14,0,11.55,FALSE,FALSE,60.86,FALSE,FALSE,0.87,0,0,0,0,1,2.81
3/30/23,100.91,101.16,99.78,100.89,100.89,33086200,GOOGL,101.39,28779600,97.2,101.3,42167540,108.22,88.71,0,0,2.2,0.22,1.99,Uptrend,FALSE,13,0,3.3,FALSE,FALSE,55.49,FALSE,FALSE,0.78,0,0,0,0,1,-0.49
3/29/23,102.28,102.49,100.65,101.39,101.39,28779600,GOOGL,101.03,32057900,97.01,101.33,42243996,108.09,87.95,0,0,2.38,0.45,1.93,Uptrend,FALSE,12,0,1.62,FALSE,FALSE,56.77,FALSE,FALSE,0.68,0,0,0,0,1,0.36
3/28/23,102.44,102.45,99.74,101.03,101.03,32057900,GOOGL,102.46,31120900,96.8,101.38,42129422,107.94,86.99,0,0,2.53,0.71,1.82,Uptrend,FALSE,11,0,0.57,FALSE,FALSE,56.09,FALSE,FALSE,0.76,0,0,0,0,1,-1.4
3/27/23,104.62,104.76,101.93,102.46,102.46,31120900,GOOGL,105.44,30393300,96.62,101.44,42112166,107.74,86.1,0,0,2.71,1.07,1.64,Uptrend,FALSE,10,0,8.45,FALSE,FALSE,59.51,FALSE,FALSE,0.74,0,0,0,0,1,-2.83
3/24/23,104.99,105.49,103.84,105.44,105.44,30393300,GOOGL,105.6,40797800,96.4,101.52,42041540,107.21,85.37,0,0,2.76,1.38,1.38,Uptrend,FALSE,9,0,16.75,FALSE,FALSE,67.47,FALSE,FALSE,0.72,0,0,0,0,1,-0.15
3/23/23,105.06,106.3,104.46,105.6,105.6,40797800,GOOGL,103.37,43427400,96.12,101.58,41834940,105.97,84.98,0,0,2.48,1.45,1.03,Uptrend,FALSE,8,0,14.8,FALSE,FALSE,67.93,FALSE,FALSE,0.98,0,0,0,0,1,2.16
3/22/23,104.27,106.59,103.33,103.37,103.37,43427400,GOOGL,104.92,42110300,95.78,101.63,41546470,104.31,85.17,0,0,2.07,1.4,0.67,Uptrend,FALSE,7,0,9.57,FALSE,FALSE,64.87,FALSE,FALSE,1.05,0,0,0,0,1,-1.48
3/21/23,101.25,105.1,101.22,104.92,104.92,42110300,GOOGL,101.22,32960400,95.47,101.69,41531894,102.94,85.37,0,1,1.74,1.42,0.32,Uptrend,FALSE,6,0,8.26,FALSE,FALSE,69.12,FALSE,FALSE,1.01,0,0,0,0,1,3.66
3/20/23,100.12,101.75,99.87,101.22,101.22,32960400,GOOGL,101.62,61028500,95.12,101.75,41416574,100.81,86.19,0,1,1.14,1.17,-0.03,Uptrend,FALSE,5,0,-8.79,FALSE,FALSE,63.88,FALSE,FALSE,0.8,0,0,0,0,1,-0.39
3/17/23,100.26,102.84,100.1,101.62,101.62,61028500,GOOGL,100.32,65492000,94.82,101.82,40893100,99.57,86.74,0,1,0.73,1.06,-0.33,Uptrend,FALSE,4,0,-13.19,FALSE,FALSE,64.99,FALSE,FALSE,1.49,0,0,0,0,1,1.3
3/16/23,96.2,101.19,95.5,100.32,100.32,65492000,GOOGL,96.11,50622100,94.55,101.88,40145884,98.1,87.6,0,1,0.16,0.76,-0.59,Uptrend,FALSE,3,0,-14.01,FALSE,FALSE,63.05,FALSE,FALSE,1.63,0,0,0,0,1,4.38
3/15/23,93.22,96.93,92.64,96.11,96.11,50622100,GOOGL,93.97,36050200,94.32,101.94,39613168,97.11,88.25,0,0,-0.43,0.35,-0.78,Uptrend,FALSE,2,0,-27.57,FALSE,FALSE,55.71,FALSE,FALSE,1.28,0,0,0,0,1,2.28
3/14/23,92.56,94.36,92.44,93.97,93.97,36050200,GOOGL,91.11,37335600,94.16,101.99,39358834,96.86,88.36,0,0,-0.76,0.11,-0.87,Uptrend,TRUE,1,0,-36.97,FALSE,FALSE,51.12,FALSE,FALSE,0.92,0,0,0,0,0,3.14
3/13/23,90.09,92.57,89.42,91.11,91.11,37335600,GOOGL,90.63,35941000,94.05,102.05,39002586,96.94,88.34,0,0,-0.95,-0.05,-0.9,Downtrend,FALSE,0,2,-55.9,FALSE,FALSE,43.9,FALSE,FALSE,0.96,0,0,0,0,0,0.53
3/10/23,92.17,92.79,90.4,90.63,90.63,35941000,GOOGL,92.32,28813500,93.95,102.13,38685712,97.13,88.49,0,0,-0.89,0,-0.88,Downtrend,TRUE,0,1,-63.5,FALSE,FALSE,42.58,FALSE,FALSE,0.93,0,0,0,0,0,-1.83
3/9/23,94.05,95.53,91.9,92.32,92.32,28813500,GOOGL,94.25,34103300,93.89,102.23,38569502,97.33,88.73,0,0,-0.74,0.14,-0.88,Uptrend,FALSE,3,0,-61.22,FALSE,FALSE,46.13,FALSE,FALSE,0.75,0,0,0,0,0,-2.05
3/8/23,94.12,95.96,94,94.25,94.25,34103300,GOOGL,93.86,27835500,93.83,102.32,38440602,98.47,88.29,0,0,-0.72,0.2,-0.92,Uptrend,FALSE,2,0,-52.97,FALSE,FALSE,50.61,FALSE,FALSE,0.89,0,0,0,0,1,0.42
3/7/23,94.98,95.67,93.53,93.86,93.86,27835500,GOOGL,95.13,32639300,93.7,102.4,38378804,102.09,86.01,0,0,-0.88,0.09,-0.97,Uptrend,TRUE,1,0,-57.94,FALSE,FALSE,49.69,FALSE,FALSE,0.73,0,0,0,0,1,-1.34
3/6/23,94.02,95.97,94,95.13,95.13,32639300,GOOGL,93.65,35160100,93.61,102.49,38195094,103.42,85.59,0,0,-1.03,-0.04,-0.99,Downtrend,FALSE,0,17,-58.26,FALSE,FALSE,52.64,FALSE,FALSE,0.85,0,0,0,0,1,1.58
3/3/23,92.48,93.73,92.45,93.65,93.65,35160100,GOOGL,92,32204400,93.49,102.59,38081752,104.97,85.01,0,0,-1.34,-0.36,-0.98,Downtrend,FALSE,0,16,-59.09,FALSE,FALSE,49.39,FALSE,FALSE,0.92,0,0,0,0,1,1.79
3/2/23,89.66,92.28,89.59,92,92,32204400,GOOGL,90.36,31111200,93.38,102.7,38597900,107.08,84.3,0,0,-1.56,-0.67,-0.89,Downtrend,FALSE,0,15,-56.63,FALSE,FALSE,45.52,FALSE,FALSE,0.83,0,0,0,0,0,1.81
3/1/23,89.98,91.03,89.67,90.36,90.36,31111200,GOOGL,90.06,30142000,93.35,102.82,38777816,107.55,84.68,0,0,-1.65,-0.92,-0.72,Downtrend,FALSE,0,14,-62.86,FALSE,FALSE,41.38,FALSE,FALSE,0.8,0,0,0,0,0,0.33
2/28/23,89.33,91.23,89.32,90.06,90.06,30142000,GOOGL,89.87,27502300,93.36,102.93,38749648,107.72,85.36,0,0,-1.57,-1.08,-0.49,Downtrend,FALSE,0,13,-67.68,FALSE,FALSE,40.61,FALSE,FALSE,0.78,0,0,0,0,0,0.21
2/27/23,89.87,90.16,89.34,89.87,89.87,27502300,GOOGL,89.13,36585100,93.46,103.05,39011476,107.66,86.11,0,0,-1.42,-1.2,-0.22,Downtrend,FALSE,0,12,-67.39,FALSE,FALSE,40.15,FALSE,FALSE,0.7,0,0,0,0,0,0.83
2/24/23,89.44,89.89,88.58,89.13,89.13,36585100,GOOGL,90.89,41206400,93.57,103.17,38868174,107.68,87.03,0,0,-1.19,-1.27,0.08,Downtrend,FALSE,0,11,-68.29,FALSE,FALSE,38.43,FALSE,FALSE,0.94,0,0,0,0,0,-1.94
2/23/23,91.92,91.94,89.76,90.89,90.89,41206400,GOOGL,91.65,30884000,93.66,103.29,38608554,107.39,88.17,0,0,-0.8,-1.2,0.4,Downtrend,FALSE,0,10,-61.94,FALSE,FALSE,41.04,FALSE,FALSE,1.07,0,0,0,0,0,-0.83
2/22/23,91.7,92.11,90.61,91.65,91.65,30884000,GOOGL,91.79,33629300,93.7,103.41,38635140,107.16,88.83,0,0,-0.48,-1.17,0.7,Downtrend,FALSE,0,9,-63.31,FALSE,FALSE,42.19,FALSE,FALSE,0.8,0,0,0,0,0,-0.15
2/21/23,93,93.1,91.72,91.79,91.79,33629300,GOOGL,94.35,34284100,93.74,103.54,38583462,106.99,89.6,0,0,-0.13,-1.12,0.99,Downtrend,FALSE,0,8,-63.43,FALSE,FALSE,42.39,FALSE,FALSE,0.87,0,0,0,0,0,-2.71
2/17/23,94.85,95.56,93.21,94.35,94.35,34284100,GOOGL,95.51,42462600,93.8,103.69,38395994,106.88,90.51,0,0,0.3,-0.97,1.27,Downtrend,FALSE,0,7,-54.16,FALSE,FALSE,46.17,FALSE,FALSE,0.89,0,0,0,0,1,-1.21
2/16/23,95.37,97.68,94.74,95.51,95.51,42462600,GOOGL,96.94,50169000,93.85,103.8,38034844,106.82,90.93,0,0,0.58,-0.92,1.51,Downtrend,FALSE,0,6,-48.76,FALSE,FALSE,47.97,FALSE,FALSE,1.12,0,0,0,0,1,-1.48
2/15/23,94.49,97.12,94.15,96.94,96.94,50169000,GOOGL,94.68,54726100,93.93,103.91,37461078,106.98,90.53,0,0,0.82,-0.92,1.74,Downtrend,FALSE,0,5,-39.9,FALSE,FALSE,50.21,FALSE,FALSE,1.34,0,0,0,0,1,2.39
2/14/23,94.43,94.85,92.26,94.68,94.68,54726100,GOOGL,94.61,50076100,94,103.99,36940298,107.31,89.62,0,0,0.96,-1.01,1.97,Downtrend,FALSE,0,4,-50.71,FALSE,FALSE,46.55,FALSE,FALSE,1.48,0,0,0,0,1,0.07
2/13/23,94.74,95.2,93.84,94.61,94.61,50076100,GOOGL,94.57,54980700,94.13,104.11,36811726,107.55,89.05,0,0,1.36,-0.86,2.22,Downtrend,FALSE,0,3,-49.72,FALSE,FALSE,46.43,FALSE,FALSE,1.36,0,0,0,0,1,0.04
2/10/23,95.45,96.75,94.25,94.57,94.57,54980700,GOOGL,95.01,119455000,94.26,104.21,36113346,107.68,88.66,0,0,1.86,-0.58,2.44,Downtrend,FALSE,0,2,-43.85,FALSE,FALSE,46.37,FALSE,FALSE,1.52,0,0,0,0,1,-0.46
2/9/23,100,100.03,93.63,95.01,95.01,119455000,GOOGL,99.37,94743500,94.27,104.33,34248996,107.88,88.12,0,0,2.47,-0.11,2.58,Downtrend,TRUE,0,1,-37.57,FALSE,FALSE,46.91,FALSE,FALSE,3.49,0,0,0,0,1,-4.39
2/8/23,102.05,103.14,98.04,99.37,99.37,94743500,GOOGL,107.64,49010200,94.29,104.47,32548154,108.03,87.62,0,0,3.17,0.57,2.61,Uptrend,FALSE,22,0,-20.41,FALSE,FALSE,52.54,FALSE,FALSE,2.91,0,0,0,0,1,-7.68
2/7/23,103.22,108.18,103.12,107.64,107.64,49010200,GOOGL,102.9,31999600,94.25,104.57,31945312,108.24,86.32,0,0,3.58,1.11,2.47,Uptrend,FALSE,21,0,14.98,FALSE,FALSE,66.59,FALSE,FALSE,1.53,0,0,0,0,1,4.61
2/6/23,102.4,104.36,101.88,102.9,102.9,31999600,GOOGL,104.78,65309300,94.07,104.66,31774090,106.88,85.72,0,0,3.2,1.01,2.19,Uptrend,FALSE,20,0,2.35,FALSE,FALSE,61.05,FALSE,FALSE,1.01,0,0,0,0,1,-1.79
2/3/23,102.93,107.81,102.58,104.78,104.78,65309300,GOOGL,107.74,69883800,93.95,104.79,30900852,106.33,84.71,0,0,3.15,1.21,1.94,Uptrend,FALSE,19,0,-0.57,FALSE,FALSE,65.02,FALSE,FALSE,2.11,0,0,0,0,1,-2.75
2/2/23,105.8,107.85,105.61,107.74,107.74,69883800,GOOGL,100.43,35531100,93.77,104.91,30070022,105.25,83.93,0,1,2.85,1.22,1.63,Uptrend,FALSE,18,0,9.42,FALSE,FALSE,71.86,FALSE,TRUE,2.32,0,0,0,0,1,7.28
2/1/23,98.71,101.19,97.58,100.43,100.43,35531100,GOOGL,98.84,29870700,93.56,105.01,29880452,102.75,84.46,0,0,2.12,0.8,1.33,Uptrend,FALSE,17,0,-20.63,FALSE,FALSE,62.91,FALSE,FALSE,1.19,0,0,0,0,1,1.61
1/31/23,96.87,98.88,96.82,98.84,98.84,29870700,GOOGL,96.94,27226200,93.52,105.14,29865142,101.82,84.26,0,0,1.91,0.78,1.13,Uptrend,FALSE,16,0,-25.63,FALSE,FALSE,60.37,FALSE,FALSE,1,0,0,0,0,1,1.96
1/30/23,97.48,98.29,96.4,96.94,96.94,27226200,GOOGL,99.37,33879800,93.52,105.3,30153434,101.1,83.92,0,0,1.78,0.84,0.93,Uptrend,FALSE,15,0,-22.64,FALSE,FALSE,57.1,FALSE,FALSE,0.9,0,0,0,0,1,-2.45
1/27/23,97.31,100.32,97.31,99.37,99.37,33879800,GOOGL,97.52,30114000,93.55,105.45,30079428,100.6,83.57,0,0,1.77,1.05,0.72,Uptrend,FALSE,14,0,-19.29,FALSE,FALSE,63.3,FALSE,FALSE,1.13,0,0,0,0,1,1.9
1/26/23,96.5,97.57,95.38,97.52,97.52,30114000,GOOGL,95.22,42330000,93.48,105.6,30138958,99.63,83.21,0,0,1.49,1.03,0.46,Uptrend,FALSE,13,0,-35.17,FALSE,FALSE,60.25,FALSE,FALSE,1,0,0,0,0,1,2.42
1/25/23,95.57,96.16,93.76,95.22,95.22,42330000,GOOGL,97.7,33078500,93.46,105.78,30324760,98.8,83.03,0,0,1.3,1.1,0.2,Uptrend,FALSE,12,0,-41.6,FALSE,FALSE,56.03,FALSE,FALSE,1.4,0,0,0,0,1,-2.54
1/24/23,98.1,99.61,97.2,97.7,97.7,33078500,GOOGL,99.79,40005100,93.43,105.98,30298572,98.27,82.95,0,0,1.28,1.35,-0.07,Uptrend,FALSE,11,0,-26.35,FALSE,FALSE,62.69,FALSE,FALSE,1.09,0,0,0,0,1,-2.09
1/23/23,97.95,100.04,97.5,99.79,99.79,40005100,GOOGL,98.02,63191100,93.22,106.18,30107050,97.13,83.1,0,1,0.97,1.38,-0.41,Uptrend,FALSE,10,0,-20.41,FALSE,FALSE,69.12,FALSE,FALSE,1.33,0,0,0,0,1,1.81
1/20/23,95.1,98.3,95.02,98.02,98.02,63191100,GOOGL,93.05,37000400,93,106.38,29524806,95.04,84.17,0,1,0.35,1.11,-0.76,Uptrend,FALSE,9,0,-27.4,FALSE,FALSE,66.41,FALSE,FALSE,2.14,0,0,0,0,1,5.34
1/19/23,90.72,93.61,90.63,93.05,93.05,37000400,GOOGL,91.12,29116700,92.81,106.6,29807296,92.98,85.32,0,1,-0.26,0.77,-1.03,Uptrend,FALSE,8,0,-54.77,FALSE,FALSE,56.44,FALSE,FALSE,1.24,0,0,0,0,1,2.12
1/18/23,92.14,92.8,90.64,91.12,91.12,29116700,GOOGL,91.29,32602400,92.68,106.84,30450722,92.32,85.53,0,0,-0.53,0.69,-1.23,Uptrend,FALSE,7,0,-63.24,FALSE,FALSE,51.22,FALSE,FALSE,0.96,0,0,0,0,0,-0.19
1/17/23,92.06,92.25,90.05,91.29,91.29,32602400,GOOGL,92.12,26329200,92.53,107.08,30939440,92.18,85.58,0,0,-0.68,0.72,-1.4,Uptrend,FALSE,6,0,-63.35,FALSE,FALSE,51.73,FALSE,FALSE,1.05,0,0,0,0,0,-0.9
1/13/23,90.85,92.19,90.13,92.12,92.12,26329200,GOOGL,91.13,30258100,92.44,107.33,31356084,92.1,85.61,0,1,-0.87,0.71,-1.58,Uptrend,FALSE,5,0,-61.05,FALSE,FALSE,54.16,FALSE,FALSE,0.84,0,0,0,0,0,1.09
1/12/23,91.48,91.87,89.75,91.13,91.13,30258100,GOOGL,91.52,26862000,92.41,107.58,31384422,93.01,85,0,0,-1.19,0.57,-1.76,Uptrend,FALSE,4,0,-62.18,FALSE,FALSE,51.64,FALSE,FALSE,0.96,0,0,0,0,0,-0.43
1/11/23,89.18,91.6,89.01,91.52,91.52,26862000,GOOGL,88.42,30467800,92.48,107.84,31721128,94.1,84.36,0,0,-1.47,0.42,-1.9,Uptrend,FALSE,3,0,-58.31,FALSE,FALSE,52.7,FALSE,FALSE,0.85,0,0,0,0,0,3.51
1/10/23,85.98,88.67,85.83,88.42,88.42,30467800,GOOGL,88.02,29003900,92.57,108.09,32325990,94.42,84.23,0,0,-1.86,0.15,-2,Uptrend,FALSE,2,0,-71.35,FALSE,FALSE,44.26,FALSE,FALSE,0.94,0,0,0,0,0,0.45
1/9/23,88.36,90.05,87.86,88.02,88.02,29003900,GOOGL,87.34,41381500,92.65,108.35,33508194,94.84,84.25,0,0,-2,0.04,-2.04,Uptrend,TRUE,1,0,-77,FALSE,FALSE,43.04,FALSE,FALSE,0.87,0,0,0,0,0,0.78
1/6/23,86.79,87.69,84.86,87.34,87.34,41381500,GOOGL,86.2,27194400,92.79,108.6,33492792,95.37,84.28,0,0,-2.12,-0.07,-2.05,Downtrend,FALSE,0,20,-84.93,FALSE,FALSE,41.01,FALSE,FALSE,1.24,0,0,0,0,0,1.32
1/5/23,87.47,87.57,85.9,86.2,86.2,27194400,GOOGL,88.08,34854800,93.13,108.87,33492432,96.05,84.36,0,0,-2.17,-0.14,-2.03,Downtrend,FALSE,0,19,-96.45,FALSE,FALSE,37.54,FALSE,FALSE,0.81,0,0,0,0,0,-2.13
1/4/23,90.35,90.65,87.27,88.08,88.08,34854800,GOOGL,89.12,28131200,93.46,109.12,33444510,96.99,84.5,0,0,-2.09,-0.09,-2,Downtrend,FALSE,0,18,-90.75,FALSE,FALSE,41.26,FALSE,FALSE,1.04,0,0,0,0,0,-1.17
1/3/23,89.59,91.05,88.52,89.12,89.12,28131200,GOOGL,88.23,23986300,93.72,109.36,33388350,98.49,84.14,0,0,-2.14,-0.17,-1.97,Downtrend,FALSE,0,17,-82.09,FALSE,FALSE,43.47,FALSE,FALSE,0.84,0,0,0,0,0,1.01
12/30/22,86.98,88.3,86.57,88.23,88.23,23986300,GOOGL,88.45,23333500,93.94,109.58,33384846,100,83.76,0,0,-2.29,-0.36,-1.93,Downtrend,FALSE,0,16,-82.15,FALSE,FALSE,40.95,FALSE,FALSE,0.72,0,0,0,0,0,-0.25
12/29/22,86.62,88.85,86.61,88.45,88.45,23333500,GOOGL,86.02,19523200,94.16,109.81,33399390,101.36,83.68,0,0,-2.35,-0.5,-1.84,Downtrend,FALSE,0,15,-74.63,FALSE,FALSE,41.38,FALSE,FALSE,0.7,0,0,0,0,0,2.82
12/28/22,86.98,88.04,85.94,86.02,86.02,19523200,GOOGL,87.39,20097300,94.41,110.01,33577310,102.51,83.78,0,0,-2.41,-0.69,-1.72,Downtrend,FALSE,0,14,-86.88,FALSE,FALSE,34.44,FALSE,FALSE,0.58,0,0,0,0,0,-1.57
12/27/22,88.8,88.94,87.01,87.39,87.39,20097300,GOOGL,89.23,23003000,94.69,110.21,33683578,102.41,84.8,0,0,-2.21,-0.67,-1.54,Downtrend,FALSE,0,13,-83.38,FALSE,FALSE,36.71,FALSE,FALSE,0.6,0,0,0,0,0,-2.06
12/23/22,87.11,89.55,87.07,89.23,89.23,23003000,GOOGL,87.76,27658300,94.87,110.42,33915008,102.42,85.66,0,0,-2.06,-0.69,-1.38,Downtrend,FALSE,0,12,-78.08,FALSE,FALSE,40.01,FALSE,FALSE,0.68,0,0,0,0,0,1.68
12/22/22,88.16,88.54,86.32,87.76,87.76,27658300,GOOGL,89.58,24745600,95.07,110.64,33799370,102.65,86.25,0,0,-2.03,-0.83,-1.2,Downtrend,FALSE,0,11,-84.99,FALSE,FALSE,35.73,FALSE,FALSE,0.82,0,0,0,0,0,-2.03
12/21/22,89.08,90.22,88.32,89.58,89.58,24745600,GOOGL,89.02,23453800,95.26,110.87,33834600,102.76,87.21,0,0,-1.81,-0.81,-1,Downtrend,FALSE,0,10,-78.47,FALSE,FALSE,38.92,FALSE,FALSE,0.73,0,0,0,0,0,0.63
12/20/22,88.11,89.18,87.44,89.02,89.02,23453800,GOOGL,88.44,29493000,95.42,111.05,33730026,102.76,87.95,0,0,-1.69,-0.89,-0.8,Downtrend,FALSE,0,9,-76.79,FALSE,FALSE,37.32,FALSE,FALSE,0.7,0,0,0,0,0,0.66
12/19/22,90.26,90.56,88.21,88.44,88.44,29493000,GOOGL,90.26,58011800,95.59,111.24,33690222,102.5,88.88,1,0,-1.45,-0.88,-0.57,Downtrend,FALSE,0,8,-80.91,FALSE,FALSE,35.7,FALSE,FALSE,0.88,0,0,0,0,0,-2.02
12/16/22,90.76,91.33,89.52,90.26,90.26,58011800,GOOGL,90.86,40107000,95.8,111.46,32976466,102.11,90.16,0,0,-1.07,-0.72,-0.35,Downtrend,FALSE,0,7,-77.71,FALSE,FALSE,38.61,FALSE,FALSE,1.76,0,0,0,0,0,-0.66
12/15/22,93.13,93.64,90.01,90.86,90.86,40107000,GOOGL,95.07,28733600,96.02,111.68,32617864,101.94,91.15,1,0,-0.75,-0.58,-0.17,Downtrend,FALSE,0,6,-72.47,FALSE,FALSE,39.6,FALSE,FALSE,1.23,0,0,0,0,0,-4.43
12/14/22,95.2,96.87,93.6,95.07,95.07,28733600,GOOGL,95.63,40593700,96.23,111.89,32620208,101.74,92.14,0,0,-0.39,-0.37,-0.03,Downtrend,FALSE,0,5,-52.55,FALSE,FALSE,47.51,FALSE,FALSE,0.88,0,0,0,0,0,-0.59
12/13/22,97.76,99.53,95.03,95.63,95.63,40593700,GOOGL,93.31,29420000,96.36,112.09,32367974,101.87,92.34,0,0,-0.36,-0.43,0.06,Downtrend,FALSE,0,4,-57.03,FALSE,FALSE,48.71,FALSE,FALSE,1.25,0,0,0,0,0,2.49
12/12/22,92.71,93.56,91.61,93.31,93.31,29420000,GOOGL,92.83,28225400,96.42,112.29,32438404,101.87,92.35,0,0,-0.37,-0.54,0.17,Downtrend,FALSE,0,3,-60.74,FALSE,FALSE,43.18,FALSE,FALSE,0.91,0,0,0,0,0,0.52
12/9/22,93.77,94.26,92.75,92.83,92.83,28225400,GOOGL,93.71,32213300,96.47,112.49,32494840,101.72,92.82,0,0,-0.15,-0.45,0.31,Downtrend,FALSE,0,2,-59.82,FALSE,FALSE,41.98,FALSE,FALSE,0.87,0,0,0,0,0,-0.94
12/8/22,95.38,95.58,93.45,93.71,93.71,32213300,GOOGL,94.94,31045400,96.56,112.69,32499900,101.57,93.08,0,0,0.2,-0.22,0.42,Downtrend,TRUE,0,1,-62.36,FALSE,FALSE,43.55,FALSE,FALSE,0.99,0,0,0,0,0,-1.3
12/7/22,96.41,96.88,94.72,94.94,94.94,31045400,GOOGL,96.98,24910700,96.69,112.86,32480448,102.92,91.08,0,0,0.54,0.06,0.48,Uptrend,FALSE,18,0,-57.97,FALSE,FALSE,45.77,FALSE,FALSE,0.96,0,0,0,0,0,-2.1
12/6/22,99.3,99.78,96.42,96.98,96.98,24910700,GOOGL,99.48,24405100,96.74,113.03,32523688,103.55,89.85,0,0,0.84,0.38,0.46,Uptrend,FALSE,17,0,-48.88,FALSE,FALSE,49.67,FALSE,FALSE,0.77,0,0,0,0,1,-2.51
12/5/22,99.4,101.38,99,99.48,99.48,24405100,GOOGL,100.44,21480700,96.76,113.2,32668094,104,88.55,0,0,1.01,0.65,0.36,Uptrend,FALSE,16,0,-32.65,FALSE,FALSE,55,FALSE,FALSE,0.75,0,0,0,0,1,-0.96
12/2/22,99.05,100.77,98.9,100.44,100.44,21480700,GOOGL,100.99,28687100,96.75,113.37,32924452,104.28,86.98,0,0,0.96,0.76,0.2,Uptrend,FALSE,15,0,-35.15,FALSE,FALSE,57.19,FALSE,FALSE,0.65,0,0,0,0,1,-0.54
12/1/22,101.02,102.25,100.25,100.99,100.99,28687100,GOOGL,100.99,43647500,96.74,113.55,32980456,104.63,84.93,0,0,0.78,0.77,0.01,Uptrend,FALSE,14,0,-36.58,FALSE,FALSE,58.43,FALSE,FALSE,0.87,0,0,0,0,1,0
11/30/22,94.82,101.04,94.42,100.99,100.99,43647500,GOOGL,95.19,20061700,96.71,113.73,32637848,104.06,84.1,0,0,0.49,0.67,-0.18,Uptrend,FALSE,13,0,-42.79,FALSE,FALSE,58.43,FALSE,FALSE,1.34,0,0,0,0,1,6.09
11/29/22,95.73,96.12,94.11,95.19,95.19,20061700,GOOGL,96.05,26237500,96.71,113.9,32697350,103.12,83.99,0,0,0.1,0.45,-0.35,Uptrend,FALSE,12,0,-64.78,FALSE,FALSE,48.24,FALSE,FALSE,0.61,0,0,0,0,0,-0.9
11/28/22,97.04,97.58,95.61,96.05,96.05,26237500,GOOGL,97.46,9701400,96.87,114.1,33028544,103.07,83.97,0,0,0.2,0.66,-0.46,Uptrend,FALSE,11,0,-56.08,FALSE,FALSE,49.93,FALSE,FALSE,0.79,0,0,0,0,0,-1.45
11/25/22,98.24,98.64,97.4,97.46,97.46,9701400,GOOGL,98.46,18868100,97.01,114.31,33518282,103.1,83.97,0,0,0.23,0.86,-0.63,Uptrend,FALSE,10,0,-55.54,FALSE,FALSE,52.73,FALSE,FALSE,0.29,0,0,0,0,1,-1.02
11/23/22,97.09,98.76,97.09,98.46,98.46,18868100,GOOGL,97.05,23438500,97.11,114.53,33668822,102.67,83.87,0,0,0.13,0.97,-0.84,Uptrend,FALSE,9,0,-62.47,FALSE,FALSE,54.75,FALSE,FALSE,0.56,0,0,0,0,1,1.45
11/22/22,95.95,97.22,94.05,97.05,97.05,23438500,GOOGL,95.6,21647400,97.25,114.74,33963510,102.23,83.96,0,0,-0.11,0.98,-1.08,Uptrend,FALSE,8,0,-61.91,FALSE,FALSE,52.36,FALSE,FALSE,0.69,0,0,0,0,0,1.52
11/21/22,97.29,98.4,95.36,95.6,95.6,21647400,GOOGL,97.43,28342300,97.39,114.95,33989898,103.75,83.18,0,0,-0.26,1.07,-1.33,Uptrend,FALSE,7,0,-67.1,FALSE,FALSE,49.82,FALSE,FALSE,0.64,0,0,0,0,0,-1.88
11/18/22,98.77,98.9,96.37,97.43,97.43,28342300,GOOGL,98.36,26052600,97.7,115.19,33887006,104.8,82.82,0,0,-0.31,1.29,-1.6,Uptrend,FALSE,6,0,-64.84,FALSE,FALSE,53.14,FALSE,FALSE,0.84,0,0,0,0,0,-0.95
11/17/22,96.97,99.28,96.79,98.36,98.36,26052600,GOOGL,98.85,29105200,97.96,115.42,33850720,105.34,82.65,0,0,-0.55,1.37,-1.92,Uptrend,FALSE,5,0,-60.6,FALSE,FALSE,54.86,FALSE,FALSE,0.77,0,0,0,0,1,-0.5
11/16/22,97.9,99.64,97.64,98.85,98.85,29105200,GOOGL,98.44,41640800,98.16,115.66,33731956,105.57,82.59,0,0,-0.94,1.32,-2.26,Uptrend,FALSE,4,0,-63.25,FALSE,FALSE,55.74,FALSE,FALSE,0.86,0,0,0,0,1,0.42
11/15/22,98.26,100.14,96.71,98.44,98.44,41640800,GOOGL,95.7,30179500,98.37,115.86,33400506,105.67,82.56,0,0,-1.48,1.1,-2.59,Uptrend,FALSE,3,0,-64.91,FALSE,FALSE,55.18,FALSE,FALSE,1.25,0,0,0,0,1,2.86
11/14/22,95.09,96.79,94.51,95.7,95.7,30179500,GOOGL,96.41,33090500,98.54,116.04,33280130,106.01,82.46,0,0,-2.11,0.75,-2.86,Uptrend,FALSE,2,0,-75.72,FALSE,FALSE,51.36,FALSE,FALSE,0.91,0,0,0,0,0,-0.74
11/11/22,94.69,96.93,93.92,96.41,96.41,33090500,GOOGL,93.94,51620100,98.78,116.23,33185538,106.47,82.42,0,0,-2.6,0.45,-3.05,Uptrend,TRUE,1,0,-73.32,FALSE,FALSE,52.43,FALSE,FALSE,1,0,0,0,0,0,2.63
11/10/22,92.25,94.39,91.61,93.94,93.94,51620100,GOOGL,87.32,31769100,99.05,116.39,32725676,106.48,82.42,0,0,-3.26,-0.09,-3.17,Downtrend,FALSE,0,11,-81.17,FALSE,FALSE,48.98,FALSE,FALSE,1.58,0,0,0,0,0,7.58
11/9/22,88.45,89.44,87.28,87.32,87.32,31769100,GOOGL,88.9,30429000,99.34,116.57,32640560,106.9,82.52,0,0,-3.8,-0.66,-3.14,Downtrend,FALSE,0,10,-100.65,FALSE,FALSE,37.72,FALSE,FALSE,0.97,0,0,0,0,0,-1.78
11/8/22,88.9,90.32,87.59,88.9,88.9,30429000,GOOGL,88.49,34078900,99.77,116.77,32455804,106.98,83.46,0,0,-3.77,-0.79,-2.98,Downtrend,FALSE,0,9,-96.98,FALSE,FALSE,39.66,FALSE,FALSE,0.94,0,0,0,0,0,0.46
11/7/22,87.28,88.9,86.85,88.49,88.49,34078900,GOOGL,86.58,51124900,100.18,116.98,32519140,107.06,84.22,0,0,-3.82,-1.04,-2.78,Downtrend,FALSE,0,8,-97.65,FALSE,FALSE,38.9,FALSE,FALSE,1.05,0,0,0,0,0,2.21
11/4/22,85.4,86.64,83.71,86.58,86.58,51124900,GOOGL,83.43,61288000,100.61,117.19,31835778,107.07,85.14,0,0,-3.8,-1.28,-2.52,Downtrend,FALSE,0,7,-105.47,FALSE,FALSE,35.4,FALSE,FALSE,1.61,0,0,0,0,0,3.78
11/3/22,86.32,86.52,83.34,83.43,83.43,61288000,GOOGL,86.97,57038300,101.22,117.42,30964710,106.81,86.61,1,0,-3.52,-1.33,-2.2,Downtrend,FALSE,0,6,-117.73,FALSE,FALSE,29.18,FALSE,FALSE,1.98,0,0,1,0,0,-4.07
11/2/22,90.94,91.18,86.88,86.97,86.97,57038300,GOOGL,90.47,47161400,101.82,117.68,30141352,105.85,89.37,1,0,-2.8,-0.93,-1.87,Downtrend,FALSE,0,5,-106.4,TRUE,FALSE,32.44,TRUE,FALSE,1.89,0,0,1,0,0,-3.87
11/1/22,95.45,96.03,90.37,90.47,90.47,47161400,GOOGL,94.51,31675000,102.36,117.92,29627256,105.13,91.54,1,0,-2.19,-0.56,-1.63,Downtrend,FALSE,0,4,-94.62,FALSE,FALSE,36.14,FALSE,FALSE,1.59,0,0,1,0,0,-4.27
10/31/22,95.42,96.03,93.98,94.51,94.51,31675000,GOOGL,96.29,43697300,102.83,118.17,29429946,104.78,93,0,0,-1.74,-0.25,-1.49,Downtrend,FALSE,0,3,-74.72,FALSE,FALSE,41.19,FALSE,FALSE,1.08,0,0,0,0,0,-1.85
10/28/22,92.27,96.55,92.13,96.29,96.29,43697300,GOOGL,92.22,60710900,103.29,118.39,28915754,104.64,93.55,0,0,-1.55,-0.12,-1.43,Downtrend,FALSE,0,2,-68.71,FALSE,FALSE,43.69,FALSE,FALSE,1.51,0,0,0,0,0,4.41
10/27/22,94.52,95.43,91.8,92.22,92.22,60710900,GOOGL,94.93,88114100,103.77,118.62,28158476,104.68,93.45,1,0,-1.47,-0.07,-1.4,Downtrend,TRUE,0,1,-84.66,FALSE,FALSE,35.37,FALSE,FALSE,2.16,0,0,1,0,0,-2.85
10/26/22,96.43,98.31,94.69,94.93,94.93,88114100,GOOGL,104.48,40611400,104.31,118.85,26777018,104.06,94.59,0,0,-0.93,0.45,-1.38,Uptrend,FALSE,17,0,-71.29,FALSE,FALSE,38.93,FALSE,FALSE,3.29,0,0,1,0,0,-9.14
10/25/22,102.9,104.82,102.72,104.48,104.48,40611400,GOOGL,102.52,27176400,104.85,119.07,26354686,103.87,95.29,0,1,-0.5,1,-1.5,Uptrend,FALSE,16,0,-33.73,FALSE,FALSE,57.99,FALSE,FALSE,1.54,0,0,0,0,0,1.91
10/24/22,101.8,102.75,99.98,102.52,102.52,27176400,GOOGL,101.13,32458700,105.2,119.23,26193084,102.97,95.49,0,0,-0.92,0.83,-1.75,Uptrend,FALSE,15,0,-37.62,FALSE,FALSE,53.66,FALSE,FALSE,1.04,0,0,0,0,0,1.37
10/21/22,97.85,101.31,97.72,101.13,101.13,32458700,GOOGL,99.97,25323200,105.58,119.41,26029784,102.46,95.57,0,0,-1.24,0.71,-1.95,Uptrend,FALSE,14,0,-51.5,FALSE,FALSE,50.29,FALSE,FALSE,1.25,0,0,0,0,0,1.16
10/20/22,100,102.32,99.39,99.97,99.97,25323200,GOOGL,99.63,23811100,105.94,119.59,26141928,102.2,95.59,0,0,-1.49,0.64,-2.13,Uptrend,FALSE,13,0,-52.58,FALSE,FALSE,47.33,FALSE,FALSE,0.97,0,0,0,0,0,0.34
10/19/22,100.01,101.02,98.92,99.63,99.63,23811100,GOOGL,100.77,24060700,106.33,119.82,26047436,102.22,95.59,0,0,-1.67,0.62,-2.29,Uptrend,FALSE,12,0,-64.98,FALSE,FALSE,46.46,FALSE,FALSE,0.91,0,0,0,0,0,-1.13
10/18/22,103.13,103.47,99.97,100.77,100.77,24060700,GOOGL,99.97,28419200,106.67,120.04,25948988,102.19,95.58,0,0,-1.84,0.61,-2.45,Uptrend,FALSE,11,0,-64.48,FALSE,FALSE,48.97,FALSE,FALSE,0.93,0,0,0,0,0,0.8
10/17/22,98.86,100.93,98.83,99.97,99.97,28419200,GOOGL,96.56,25410700,107,120.26,25763794,102.26,95.55,0,0,-2.14,0.46,-2.6,Uptrend,FALSE,10,0,-67.3,FALSE,FALSE,47.11,FALSE,FALSE,1.1,0,0,0,0,0,3.53
10/14/22,99.99,100.69,96.37,96.56,96.56,25410700,GOOGL,99.06,34574500,107.35,120.49,25687638,102.85,95.27,0,0,-2.42,0.29,-2.71,Uptrend,FALSE,9,0,-73.57,FALSE,FALSE,38.14,FALSE,FALSE,0.99,0,0,0,0,0,-2.52
10/13/22,95.15,99.78,94.38,99.06,99.06,34574500,GOOGL,97.56,21876400,107.79,120.74,25566128,103.31,95.43,0,0,-2.39,0.39,-2.79,Uptrend,FALSE,8,0,-66.87,FALSE,FALSE,43.11,FALSE,FALSE,1.35,0,0,0,0,0,1.54
10/12/22,97.3,98.75,96.74,97.56,97.56,21876400,GOOGL,97.18,26507100,108.17,120.98,25533320,103.79,95.34,0,0,-2.58,0.31,-2.89,Uptrend,FALSE,7,0,-71.48,FALSE,FALSE,38.66,FALSE,FALSE,0.86,0,0,0,0,0,0.39
10/11/22,97.43,99.25,96.31,97.18,97.18,26507100,GOOGL,97.86,18225100,108.52,121.23,25523864,104.67,95.2,0,0,-2.63,0.34,-2.96,Uptrend,FALSE,6,0,-79.02,FALSE,FALSE,37.5,FALSE,FALSE,1.04,0,0,0,0,0,-0.69
10/10/22,99,99.1,97.01,97.86,97.86,18225100,GOOGL,98.68,27502800,108.87,121.48,25903830,105.22,95.37,0,0,-2.61,0.44,-3.05,Uptrend,FALSE,5,0,-79.76,FALSE,FALSE,38.71,FALSE,FALSE,0.7,0,0,0,0,0,-0.83
10/7/22,99.85,100.53,98.3,98.68,98.68,27502800,GOOGL,101.42,22324000,109.24,121.73,26010106,107.55,94.33,0,0,-2.62,0.54,-3.16,Uptrend,FALSE,4,0,-78.73,FALSE,FALSE,40.16,FALSE,FALSE,1.06,0,0,0,0,0,-2.7
10/6/22,100.68,102.93,100.59,101.42,101.42,22324000,GOOGL,101.43,22176900,109.55,121.95,26760796,109.29,93.79,0,0,-2.67,0.62,-3.29,Uptrend,FALSE,3,0,-74,FALSE,FALSE,45.44,FALSE,FALSE,0.83,0,0,0,0,0,-0.01
10/5/22,99.83,101.93,98.8,101.43,101.43,22176900,GOOGL,101.64,28850800,109.78,122.15,27277078,110.19,93.59,0,0,-2.98,0.47,-3.45,Uptrend,FALSE,2,0,-70.8,FALSE,FALSE,45.46,FALSE,FALSE,0.81,0,0,0,0,0,-0.21
10/4/22,100.44,101.84,100.38,101.64,101.64,28850800,GOOGL,98.64,27982000,109.86,122.35,27393880,111.22,93.36,0,0,-3.34,0.23,-3.56,Uptrend,TRUE,1,0,-68.71,FALSE,FALSE,45.86,FALSE,FALSE,1.05,0,0,0,0,0,3.04
10/3/22,96.76,99.29,96.52,98.64,98.64,27982000,GOOGL,95.65,32941500,109.97,122.57,27812264,111.68,93.41,0,0,-3.76,-0.14,-3.62,Downtrend,FALSE,0,30,-81.79,FALSE,FALSE,38.73,FALSE,FALSE,1.01,0,0,0,0,0,3.13
9/30/22,97.05,98.9,95.56,95.65,95.65,32941500,GOOGL,97.42,31047200,110.16,122.81,27806958,112.24,93.78,0,0,-3.95,-0.36,-3.59,Downtrend,FALSE,0,29,-83.85,FALSE,FALSE,30.24,FALSE,FALSE,1.18,0,0,1,0,0,-1.82
9/29/22,98.64,98.64,95.96,97.42,97.42,31047200,GOOGL,100.05,32466300,110.53,123.05,27898022,112.74,94.69,0,0,-3.82,-0.32,-3.5,Downtrend,FALSE,0,28,-78.61,FALSE,FALSE,32.74,TRUE,FALSE,1.11,0,0,1,0,0,-2.63
9/28/22,97.65,100.7,97.11,100.05,100.05,32466300,GOOGL,97.5,30072800,110.86,123.29,27979314,112.99,95.52,0,0,-3.78,-0.36,-3.42,Downtrend,FALSE,0,27,-74.85,FALSE,FALSE,36.94,FALSE,FALSE,1.16,0,0,0,0,0,2.62
9/27/22,99.43,100,96.87,97.5,97.5,30072800,GOOGL,98.17,27072700,111.14,123.53,28241150,113.44,95.96,0,0,-3.94,-0.62,-3.33,Downtrend,FALSE,0,26,-87.06,FALSE,FALSE,28.7,FALSE,FALSE,1.06,0,0,1,0,0,-0.68
9/26/22,98.1,99.88,97.8,98.17,98.17,27072700,GOOGL,98.74,31625400,111.37,123.78,28635096,113.61,96.98,0,0,-3.83,-0.66,-3.17,Downtrend,FALSE,0,25,-92.66,FALSE,FALSE,29.64,FALSE,FALSE,0.95,0,0,1,0,0,-0.58
9/23/22,99.63,99.66,97.47,98.74,98.74,31625400,GOOGL,100.14,34298600,111.64,124.03,28742668,113.81,97.99,0,0,-3.71,-0.7,-3.01,Downtrend,FALSE,0,24,-89.84,FALSE,FALSE,30.43,FALSE,FALSE,1.1,0,0,1,0,0,-1.4
9/22/22,98.82,101.24,98.79,100.14,100.14,34298600,GOOGL,99.28,31487300,111.87,124.27,28931136,115.3,98.3,0,0,-3.55,-0.72,-2.83,Downtrend,FALSE,0,23,-80.71,FALSE,FALSE,32.41,FALSE,FALSE,1.19,0,0,0,0,0,0.87
9/21/22,101.67,102.88,99.27,99.28,99.28,31487300,GOOGL,101.14,26517100,112.1,124.49,28900590,115.9,99.05,0,0,-3.44,-0.79,-2.65,Downtrend,FALSE,0,22,-80.84,FALSE,FALSE,29.81,FALSE,FALSE,1.09,0,0,1,0,0,-1.84
9/20/22,102.08,102.37,100.52,101.14,101.14,26517100,GOOGL,103.07,23036800,112.39,124.7,28994168,116.18,100.23,0,0,-3.16,-0.7,-2.46,Downtrend,FALSE,0,21,-77.82,FALSE,FALSE,32.3,TRUE,FALSE,0.91,0,0,1,0,0,-1.87
9/19/22,101.75,103.33,101.55,103.07,103.07,23036800,GOOGL,102.8,42797200,112.68,124.91,29298192,116.55,101.17,0,0,-2.95,-0.67,-2.28,Downtrend,FALSE,0,20,-69.1,FALSE,FALSE,35.14,FALSE,FALSE,0.79,0,0,0,0,0,0.26
9/16/22,102.07,103.13,100.94,102.8,102.8,42797200,GOOGL,102.91,34188300,113.01,125.1,29260968,117.59,101.54,0,0,-2.83,-0.72,-2.11,Downtrend,FALSE,0,19,-69.96,FALSE,FALSE,34.39,FALSE,FALSE,1.46,0,0,1,0,0,-0.11
9/15/22,104.03,105.27,102.35,102.91,102.91,34188300,GOOGL,105,26395100,113.33,125.29,29325842,119.08,101.79,0,0,-2.62,-0.68,-1.93,Downtrend,FALSE,0,18,-73.54,FALSE,FALSE,34.54,FALSE,FALSE,1.17,0,0,1,0,0,-1.99
9/14/22,104.57,105.28,103.66,105,105,26395100,GOOGL,104.32,38172900,113.56,125.51,29584780,120.06,102.48,0,0,-2.31,-0.55,-1.76,Downtrend,FALSE,0,17,-63.16,FALSE,FALSE,37.43,FALSE,FALSE,0.89,0,0,0,0,0,0.65
9/13/22,107.8,108.3,104.09,104.32,104.32,38172900,GOOGL,110.86,22966800,113.73,125.69,29530842,121.5,102.7,0,0,-2.1,-0.48,-1.63,Downtrend,FALSE,0,16,-62.18,FALSE,FALSE,35.81,FALSE,FALSE,1.29,0,0,1,0,0,-5.9
9/12/22,110.99,111.62,109.93,110.86,110.86,22966800,GOOGL,110.65,23197700,113.81,125.9,29934906,122.63,103.35,0,0,-1.74,-0.23,-1.51,Downtrend,FALSE,0,15,-40.27,FALSE,FALSE,46.61,FALSE,FALSE,0.77,0,0,0,0,0,0.19
9/9/22,109.07,110.99,109.02,110.65,110.65,23197700,GOOGL,108.38,24238300,113.78,126.08,29965272,123.83,103.23,0,0,-1.91,-0.46,-1.45,Downtrend,FALSE,0,14,-48.92,FALSE,FALSE,46.12,FALSE,FALSE,0.77,0,0,0,0,0,2.09
9/8/22,108.04,109.6,107.16,108.38,108.38,24238300,GOOGL,109.45,23167000,113.8,126.26,30196346,124.4,103.49,0,0,-2.08,-0.75,-1.33,Downtrend,FALSE,0,13,-57.33,FALSE,FALSE,40.72,FALSE,FALSE,0.8,0,0,0,0,0,-0.98
9/7/22,107.06,109.98,106.9,109.45,109.45,23167000,GOOGL,106.81,25068300,113.87,126.46,30461406,124.92,104.09,0,0,-2.04,-0.89,-1.15,Downtrend,FALSE,0,12,-55.37,FALSE,FALSE,42.59,FALSE,FALSE,0.76,0,0,0,0,0,2.47
9/6/22,107.3,108.03,105.78,106.81,106.81,25068300,GOOGL,107.85,24160700,114,126.66,30783320,125.05,104.68,0,0,-2.07,-1.14,-0.92,Downtrend,FALSE,0,11,-59.3,FALSE,FALSE,35.85,FALSE,FALSE,0.81,0,0,0,0,0,-0.96
9/2/22,110.59,110.74,107.26,107.85,107.85,24160700,GOOGL,109.74,28360900,114.22,126.87,30867346,124.92,105.86,0,0,-1.8,-1.16,-0.64,Downtrend,FALSE,0,10,-53.98,FALSE,FALSE,37.46,FALSE,FALSE,0.78,0,0,0,0,0,-1.72
9/1/22,108.28,110.45,107.36,109.74,109.74,28360900,GOOGL,108.22,28627000,114.31,127.07,30915608,124.78,106.96,0,0,-1.54,-1.2,-0.35,Downtrend,FALSE,0,9,-55,FALSE,FALSE,40.53,FALSE,FALSE,0.92,0,0,0,0,0,1.4
8/31/22,110.65,110.85,108.13,108.22,108.22,28627000,GOOGL,108.94,27513300,114.34,127.26,31291388,124.8,107.79,0,0,-1.38,-1.33,-0.05,Downtrend,FALSE,0,8,-55.37,FALSE,FALSE,36.65,FALSE,FALSE,0.91,0,0,0,0,0,-0.66
8/30/22,110.17,110.5,107.8,108.94,108.94,27513300,GOOGL,109.42,21191200,114.41,127.46,31768642,124.46,109.11,1,0,-1,-1.29,0.29,Downtrend,FALSE,0,7,-53.1,FALSE,FALSE,37.73,FALSE,FALSE,0.87,0,0,0,0,0,-0.44
8/29/22,109.99,110.95,108.8,109.42,109.42,21191200,GOOGL,110.34,37245700,114.37,127.65,32378498,123.93,110.26,1,0,-0.58,-1.18,0.61,Downtrend,FALSE,0,6,-50.91,FALSE,FALSE,38.44,FALSE,FALSE,0.65,0,0,0,0,0,-0.83
8/26/22,114.72,115.12,110.19,110.34,110.34,37245700,GOOGL,116.65,16956800,114.31,127.83,32427544,123.34,111.4,1,0,-0.07,-0.98,0.9,Downtrend,FALSE,0,5,-41.32,FALSE,FALSE,39.75,FALSE,FALSE,1.15,0,0,0,0,0,-5.41
8/25/22,114.24,116.72,114.11,116.65,116.65,16956800,GOOGL,113.69,17734600,114.29,128.02,32762528,122.73,112.6,0,0,0.48,-0.67,1.15,Downtrend,FALSE,0,4,-17.72,FALSE,FALSE,50.85,FALSE,FALSE,0.52,0,0,0,0,1,2.6
8/24/22,113.5,114.78,112.87,113.69,113.69,17734600,GOOGL,113.86,15870400,114.1,128.18,33352876,122.82,112.28,0,0,0.53,-0.79,1.32,Downtrend,FALSE,0,3,-18.3,FALSE,FALSE,44.05,FALSE,FALSE,0.53,0,0,0,0,0,-0.15
8/23/22,113.48,115.01,113.43,113.86,113.86,15870400,GOOGL,114.24,21456600,113.95,128.36,33864508,122.88,112.15,0,0,0.89,-0.62,1.51,Downtrend,FALSE,0,2,-21.42,FALSE,FALSE,44.37,FALSE,FALSE,0.47,0,0,0,0,0,-0.33
8/22/22,115.2,115.63,113.85,114.24,114.24,21456600,GOOGL,117.21,21809500,113.9,128.53,33951336,124.59,109.55,0,0,1.32,-0.35,1.67,Downtrend,TRUE,0,1,-18.1,FALSE,FALSE,45.07,FALSE,FALSE,0.63,0,0,0,0,1,-2.53
8/19/22,119.06,119.15,116.76,117.21,117.21,21809500,GOOGL,120.17,17987700,113.91,128.69,34037306,125.27,108.2,0,0,1.81,0.05,1.75,Uptrend,FALSE,16,0,-15.04,FALSE,FALSE,50.86,FALSE,FALSE,0.64,0,0,0,0,1,-2.46
8/18/22,119.43,120.82,118.72,120.17,120.17,17987700,GOOGL,119.55,22847000,113.91,128.83,34309352,125.63,106.92,0,0,2.11,0.37,1.74,Uptrend,FALSE,15,0,-7.72,FALSE,FALSE,57.71,FALSE,FALSE,0.52,0,0,0,0,1,0.52
8/17/22,120.12,121.29,119.38,119.55,119.55,22847000,GOOGL,121.7,19041200,113.85,128.95,34523252,125.19,106.77,0,0,2.16,0.51,1.65,Uptrend,FALSE,14,0,-18.04,FALSE,FALSE,56.57,FALSE,FALSE,0.66,0,0,0,0,1,-1.77
8/16/22,121.52,122.43,120.64,121.7,121.7,19041200,GOOGL,122.08,19494800,113.79,129.09,34665148,124.8,106.59,0,0,2.25,0.73,1.52,Uptrend,FALSE,13,0,-4.96,FALSE,FALSE,61.95,FALSE,FALSE,0.55,0,0,0,0,1,-0.31
8/15/22,121.13,122.3,120.61,122.08,122.08,19494800,GOOGL,121.68,19096300,113.65,129.21,35035092,124.01,106.6,0,0,2.12,0.77,1.34,Uptrend,FALSE,12,0,-6.87,FALSE,FALSE,62.93,FALSE,FALSE,0.56,0,0,0,0,1,0.33
8/12/22,120.26,121.68,119.46,121.68,121.68,19096300,GOOGL,118.84,24293700,113.56,129.34,35385286,123.18,106.12,0,0,1.88,0.73,1.15,Uptrend,FALSE,11,0,-2.61,FALSE,FALSE,62.34,FALSE,FALSE,0.54,0,0,0,0,1,2.39
8/11/22,121.28,121.49,118.56,118.84,118.84,24293700,GOOGL,119.7,30930400,113.4,129.42,35899652,122.12,106.18,0,0,1.59,0.62,0.97,Uptrend,FALSE,10,0,-15.73,FALSE,FALSE,57.99,FALSE,FALSE,0.68,0,0,0,0,1,-0.72
8/10/22,118.78,120.92,118.41,119.7,119.7,30930400,GOOGL,116.63,19086500,113.3,129.52,36039324,121.56,105.9,0,0,1.48,0.67,0.81,Uptrend,FALSE,9,0,-18.35,FALSE,FALSE,59.94,FALSE,FALSE,0.86,0,0,0,0,1,2.63
8/9/22,117.14,117.32,115.71,116.63,116.63,19086500,GOOGL,117.3,19138300,113.16,129.61,36416554,120.7,105.93,0,0,1.23,0.59,0.64,Uptrend,FALSE,8,0,-26.66,FALSE,FALSE,54.92,FALSE,FALSE,0.52,0,0,0,0,1,-0.57
8/8/22,118.39,120.15,116.88,117.3,117.3,19138300,GOOGL,117.47,19159500,112.98,129.73,36838948,120.42,105.94,0,0,1.22,0.72,0.5,Uptrend,FALSE,7,0,-29.7,FALSE,FALSE,56.35,FALSE,FALSE,0.52,0,0,0,0,1,-0.14
8/5/22,116.23,118.11,116,117.47,117.47,19159500,GOOGL,118.19,21602900,112.75,129.85,37991358,120.19,106.01,0,0,1.11,0.79,0.32,Uptrend,FALSE,6,0,-32.08,FALSE,FALSE,56.7,FALSE,FALSE,0.5,0,0,0,0,1,-0.61
8/4/22,117.48,118.78,116.89,118.19,118.19,21602900,GOOGL,118.08,28499000,112.52,129.98,38302980,120.56,105.83,0,0,0.94,0.82,0.12,Uptrend,FALSE,5,0,-30.11,FALSE,FALSE,58.11,FALSE,FALSE,0.56,0,0,0,0,1,0.09
8/3/22,115.71,118.62,115.48,118.08,118.08,28499000,GOOGL,115.13,20236000,112.38,130.11,38712240,120.67,105.78,0,0,0.63,0.72,-0.09,Uptrend,FALSE,4,0,-28.27,FALSE,FALSE,57.96,FALSE,FALSE,0.74,0,0,0,0,1,2.56
8/2/22,114,116.35,113.72,115.13,115.13,20236000,GOOGL,114.86,26034300,112.2,130.22,38990400,120.19,105.91,0,0,0.24,0.51,-0.27,Uptrend,FALSE,3,0,-26.35,FALSE,FALSE,53.89,FALSE,FALSE,0.52,0,0,0,0,1,0.24
8/1/22,115.3,116.72,114.34,114.86,114.86,26034300,GOOGL,116.32,37223400,112.11,130.35,39172234,120.03,105.88,0,0,0.05,0.44,-0.39,Uptrend,FALSE,2,0,-23.79,FALSE,FALSE,53.51,FALSE,FALSE,0.66,0,0,0,0,1,-1.26
7/29/22,113.08,116.71,113.06,116.32,116.32,37223400,GOOGL,114.22,32816600,112.05,130.47,38888846,119.9,105.4,0,0,-0.18,0.32,-0.5,Uptrend,TRUE,1,0,-24.83,FALSE,FALSE,55.83,FALSE,FALSE,0.96,0,0,0,0,1,1.84
7/28/22,112.37,114.34,111.46,114.22,114.22,32816600,GOOGL,113.06,59858500,112.05,130.57,38752314,119.5,105.07,0,0,-0.62,-0.03,-0.58,Downtrend,FALSE,0,5,-25.62,FALSE,FALSE,53.11,FALSE,FALSE,0.85,0,0,0,0,1,1.03
7/27/22,109.26,113.91,108.01,113.06,113.06,59858500,GOOGL,105.02,47991000,112.05,130.69,38255904,119.32,104.99,0,0,-0.95,-0.37,-0.57,Downtrend,FALSE,0,4,-33.9,FALSE,FALSE,51.58,FALSE,FALSE,1.56,0,0,0,0,1,7.66
7/26/22,106.6,107.2,104.07,105.02,105.02,47991000,GOOGL,107.51,34690900,112.11,130.82,38372804,119.25,104.95,0,0,-1.24,-0.76,-0.48,Downtrend,FALSE,0,3,-64.56,FALSE,FALSE,38.7,FALSE,FALSE,1.25,0,0,1,0,0,-2.32
7/25/22,108.41,109.87,106.3,107.51,107.51,34690900,GOOGL,107.9,48901200,112.27,130.99,38429666,119.18,106.11,0,0,-0.78,-0.49,-0.29,Downtrend,FALSE,0,2,-51.33,FALSE,FALSE,41.9,FALSE,FALSE,0.9,0,0,0,0,0,-0.36
7/22/22,111,112.34,106.5,107.9,107.9,48901200,GOOGL,114.34,32676200,112.39,131.15,38249642,119.65,106.69,0,0,-0.43,-0.26,-0.17,Downtrend,TRUE,0,1,-49.97,FALSE,FALSE,42.42,FALSE,FALSE,1.28,0,0,0,0,0,-5.63
7/21/22,114.28,114.55,111.11,114.34,114.34,32676200,GOOGL,113.9,35600400,112.52,131.29,38412158,119.42,107.35,0,0,-0.02,0.08,-0.1,Uptrend,TRUE,1,0,-32.78,FALSE,FALSE,52.17,FALSE,FALSE,0.85,0,0,0,0,1,0.39
7/20/22,113.17,115.4,112.48,113.9,113.9,35600400,GOOGL,113.81,36530900,112.49,131.38,38494350,119.32,107.17,0,0,-0.15,-0.03,-0.12,Downtrend,FALSE,0,5,-31.54,FALSE,FALSE,51.47,FALSE,FALSE,0.92,0,0,0,0,1,0.08
7/19/22,110.85,114.02,109.56,113.81,113.81,36530900,GOOGL,109.03,43164600,112.52,131.5,38680532,119.24,107.01,0,0,-0.27,-0.15,-0.12,Downtrend,FALSE,0,4,-28.49,FALSE,FALSE,51.33,FALSE,FALSE,0.94,0,0,0,0,1,4.38
7/18/22,112.64,113.68,108.37,109.03,109.03,43164600,GOOGL,111.78,46770000,112.58,131.59,38815560,119.42,106.16,0,0,-0.41,-0.33,-0.08,Downtrend,FALSE,0,3,-50.6,FALSE,FALSE,43.46,FALSE,FALSE,1.11,0,0,0,0,0,-2.46
7/15/22,112,113.14,110.9,111.78,111.78,46770000,GOOGL,110.37,37004000,112.84,131.72,38379520,119.72,105.56,0,0,-0.09,-0.1,0,Downtrend,FALSE,0,2,-40.54,FALSE,FALSE,47.56,FALSE,FALSE,1.22,0,0,0,0,0,1.28
7/14/22,110.21,111.09,108.37,110.37,110.37,37004000,GOOGL,111.35,43722000,112.95,131.84,38350120,119.73,105.36,0,0,0.03,0,0.03,Downtrend,TRUE,0,1,-45.74,FALSE,FALSE,45.09,FALSE,FALSE,0.96,0,0,0,0,0,-0.89
7/13/22,111.7,114.2,111.2,111.35,111.35,43722000,GOOGL,114.02,29960000,113.08,132,38329200,119.93,104.79,0,0,0.33,0.3,0.03,Uptrend,FALSE,15,0,-46.26,FALSE,FALSE,46.52,FALSE,FALSE,1.14,0,0,0,0,0,-2.34
7/12/22,116.21,116.97,113.69,114.02,114.02,29960000,GOOGL,115.68,31196000,113.13,132.15,38707680,120.11,104.11,0,0,0.61,0.65,-0.04,Uptrend,FALSE,14,0,-43.14,FALSE,FALSE,50.52,FALSE,FALSE,0.77,0,0,0,0,1,-1.43
7/11/22,118,118,115.33,115.68,115.68,31196000,GOOGL,119.35,38238000,113.22,132.29,39920160,119.93,104.01,0,0,0.68,0.89,-0.21,Uptrend,FALSE,13,0,-39.58,FALSE,FALSE,53.16,FALSE,FALSE,0.78,0,0,0,0,1,-3.08
7/8/22,117.25,119.68,116.9,119.35,119.35,38238000,GOOGL,118.78,40936000,113.19,132.41,40616480,119.82,104.03,0,0,0.6,1.03,-0.43,Uptrend,FALSE,12,0,-28.62,FALSE,FALSE,59.57,FALSE,FALSE,0.94,0,0,0,0,1,0.48
7/7/22,115.08,119.19,114.83,118.78,118.78,40936000,GOOGL,114.57,37432000,113.18,132.51,40720320,119.35,104.28,0,0,0.11,0.8,-0.69,Uptrend,FALSE,11,0,-33.7,FALSE,FALSE,58.86,FALSE,FALSE,1.01,0,0,0,0,1,3.68
7/6/22,113.3,115.59,111.48,114.57,114.57,37432000,GOOGL,113.26,39342000,113.27,132.61,41109360,119,104.48,0,0,-0.46,0.43,-0.89,Uptrend,FALSE,10,0,-49.7,FALSE,FALSE,53.18,FALSE,FALSE,0.91,0,0,0,0,1,1.16
7/5/22,107.1,113.38,105.73,113.26,113.26,39342000,GOOGL,108.74,35476000,113.37,132.74,41051440,119.35,104.35,0,0,-0.75,0.25,-0.99,Uptrend,FALSE,9,0,-54.35,FALSE,FALSE,51.24,FALSE,FALSE,0.96,0,0,0,0,0,4.16
7/1/22,107.93,109.25,106.73,108.74,108.74,35476000,GOOGL,108.96,43170000,113.6,132.89,40975840,119.48,104.35,0,0,-0.97,0.08,-1.05,Uptrend,FALSE,8,0,-62.46,FALSE,FALSE,43.75,FALSE,FALSE,0.87,0,0,0,0,0,-0.21